group,name,stratum,solver,nrows,nnz,spd,psym,graphlike
ATandT,onetone2,nonsym,bicgstab,36057,222596,0,0.1128682425939654,0
ATandT,onetone1,nonsym,bicgstab,36057,335552,0,0.0742956282869174,0
ATandT,twotone,nonsym,bicgstab,120750,1206265,0,0.2445668624008717,0
Averous,epb1,nonsym,bicgstab,14734,95053,0,0.7293915511896314,0
Averous,epb2,nonsym,bicgstab,25228,175027,0,0.6705385216189694,0
Averous,epb3,nonsym,bicgstab,84617,463625,0,0.6674107142857143,0
Bindel,ted_A_unscaled,nonsym,bicgstab,10605,424587,0,0.5657922767749357,0
Bindel,ted_A,nonsym,bicgstab,10605,424587,0,0.5657922767749357,0
Bindel,ted_B_unscaled,spd,cg,10605,144579,1,1.0,0
Bindel,ted_B,spd,cg,10605,144579,1,1.0,0
Boeing,msc10848,spd,cg,10848,1229776,1,1.0,0
Boeing,crystk03,nonsym,bicgstab,24696,1751178,0,1.0,0
Boeing,ct20stif,spd,cg,52329,2600295,1,1.0,0
Botonakis,FEM_3D_thermal1,nonsym,bicgstab,17880,430740,0,1.0,0
Botonakis,thermomech_TK,spd,cg,102158,711558,1,1.0,0
Botonakis,FEM_3D_thermal2,nonsym,bicgstab,147900,3489300,0,1.0,0
Botonakis,thermomech_dK,nonsym,bicgstab,204316,2846228,0,1.0,0
CPM,cz10228,nonsym,bicgstab,10228,102876,0,0.4358431914342458,0
CPM,cz20468,nonsym,bicgstab,20468,206076,0,0.4354769190983147,0
CPM,cz40948,nonsym,bicgstab,40948,412148,0,0.4349030172413793,0
Cunningham,k3plates,nonsym,bicgstab,11107,378927,0,1.0,0
Cunningham,qa8fk,nonsym,bicgstab,66127,1660579,0,1.0,0
Cunningham,qa8fm,spd,cg,66127,1660579,1,1.0,0
DNVS,thread,spd,cg,29736,4444880,1,1.0,0
DNVS,shipsec8,spd,cg,114919,3303553,1,1.0,0
DNVS,ship_003,spd,cg,121728,3777036,1,1.0,0
DNVS,shipsec5,spd,cg,179860,4598604,1,1.0,0
FEMLAB,sme3Da,nonsym,bicgstab,12504,874887,0,0.9999710105602732,0
FEMLAB,ns3Da,nonsym,bicgstab,20414,1679599,0,0.9999825339398674,0
FEMLAB,sme3Db,nonsym,bicgstab,29067,2081063,0,0.999978557463075,0
FEMLAB,poisson3Db,nonsym,bicgstab,85623,2374949,0,1.0,0
FIDAP,ex19,nonsym,bicgstab,12005,259577,0,1.0,0
FIDAP,ex11,nonsym,bicgstab,16614,1096948,0,1.0,0
FIDAP,ex35,nonsym,bicgstab,19716,227872,0,1.0,0
FlowIPM22,uni_chimera_i4,nonsym,bicgstab,100000,814436,0,1.0,0
FlowIPM22,uni_chimera_i1,spd,cg,100000,1100592,1,1.0,0
FlowIPM22,uni_chimera_i3,nonsym,bicgstab,100000,499696,0,1.0,0
FlowIPM22,Spielman_k100,spd,cg,338402,1025404,1,1.0,0
GHS_indef,bloweybq,spd,cg,10001,49999,1,1.0,0
GHS_indef,dawson5,nonsym,bicgstab,51537,1010777,0,1.0,0
GHS_indef,boyd2,nonsym,bicgstab,466316,1500397,0,1.0,0
GHS_psdef,wathen100,spd,cg,30401,471601,1,1.0,0
GHS_psdef,vanbody,spd,cg,47072,2329056,1,1.0,0
GHS_psdef,s3dkt3m2,spd,cg,90449,3686223,1,1.0,0
Gaertner,nopoly,nonsym,bicgstab,10774,70842,0,1.0,0
Gaertner,pesa,nonsym,bicgstab,11738,79566,0,1.0,0
Gaertner,big,nonsym,bicgstab,13209,91465,0,1.0,0
Goodwin,Goodwin_030,nonsym,bicgstab,10142,312814,0,0.966280360610536,0
Goodwin,rim,nonsym,bicgstab,22560,1014951,0,0.6390640220938991,0
Goodwin,Goodwin_054,nonsym,bicgstab,32510,1030878,0,0.9804679703906704,0
Goodwin,Goodwin_095,nonsym,bicgstab,100037,3226066,0,0.9880933163299772,0
Grund,bayer10,nonsym,bicgstab,13436,71594,0,0.002528365095919851,0
Grund,bayer02,nonsym,bicgstab,13935,63307,0,0.001884570082449941,0
Grund,bayer04,nonsym,bicgstab,20545,85537,0,0.001584088708967702,0
Grund,bayer01,nonsym,bicgstab,57735,275094,0,0.0002304047924196823,0
HB,bcsstk17,spd,cg,10974,428650,1,1.0,0
HB,bcsstk18,spd,cg,11948,149090,1,1.0,0
HB,bcsstk25,spd,cg,15439,252241,1,1.0,0
Hamm,memplus,nonsym,bicgstab,17758,99147,0,1.0,0
Hamm,bcircuit,nonsym,bicgstab,68902,375558,0,1.0,0
Hamm,hcircuit,nonsym,bicgstab,105676,513072,0,0.9999410961997232,0
Hamm,scircuit,nonsym,bicgstab,170998,958936,0,0.9999467019956295,0
Hohn,fd15,nonsym,bicgstab,11532,44206,0,0.0,0
Hohn,sinc15,nonsym,bicgstab,11532,551184,0,0.01378652867239141,0
Hohn,fd18,nonsym,bicgstab,16428,63406,0,3.154275620603729e-05,0
Hohn,sinc18,nonsym,bicgstab,16428,948696,0,0.01157085557378834,0
Hollinger,g7jac040,nonsym,bicgstab,11790,107383,0,0.04830823961664447,0
Hollinger,jan99jac100sc,nonsym,bicgstab,34454,190224,0,0.003307461633445052,0
Hollinger,mark3jac140sc,nonsym,bicgstab,64089,376395,0,0.07395887333678935,0
IBM_EDA,ckt11752_dc_1,nonsym,bicgstab,49702,333029,0,0.9838102263462359,0
IBM_EDA,dc2,nonsym,bicgstab,116835,766396,0,0.8542477149952045,0
IBM_EDA,trans5,nonsym,bicgstab,116835,749800,0,0.8542477149952045,0
IPSO,OPF_3754,nonsym,bicgstab,15435,141478,0,1.0,0
IPSO,OPF_6000,nonsym,bicgstab,29902,274697,0,1.0,0
IPSO,OPF_10000,nonsym,bicgstab,43887,426898,0,1.0,0
IPSO,HTC_336_9129,nonsym,bicgstab,226340,762969,0,1.0,0
IPSO,HTC_336_4438,nonsym,bicgstab,226340,783496,0,1.0,0
JGD_Homology,ch7-8-b5,nonsym,bicgstab,141120,846720,0,0.0003732057190233348,0
JGD_Homology,m133-b3,nonsym,bicgstab,200200,800800,0,4.495504495504496e-05,0
JGD_Homology,shar_te2-b3,nonsym,bicgstab,200200,800800,0,7.492516848797264e-05,0
ML_Graph,Fashion_MNIST_norm_10NN,nonsym,bicgstab,10000,158304,0,1.0,0
ML_Graph,har_10NN,nonsym,bicgstab,10299,151736,0,1.0,0
ML_Graph,k49_norm_10NN,nonsym,bicgstab,38547,618158,0,1.0,0
Mallya,lhr10,nonsym,bicgstab,10672,228395,0,0.008791586915847653,0
Mallya,lhr17,nonsym,bicgstab,17576,379761,0,0.001513390098553639,0
Mallya,lhr71c,nonsym,bicgstab,70304,1528092,0,0.001513199920413014,0
Norris,lung2,nonsym,bicgstab,109460,492564,0,0.5714270798529903,0
Norris,torso2,nonsym,bicgstab,115967,1033473,0,0.9916360219987662,0
Norris,stomach,nonsym,bicgstab,213360,3021648,0,0.8474914253808726,0
Norris,torso3,nonsym,bicgstab,259156,4429042,0,0.9513722917125312,0
Oberwolfach,t2dah_a,nonsym,bicgstab,11445,176117,0,1.0,0
Oberwolfach,chipcool1,nonsym,bicgstab,20082,281150,0,1.0,0
Oberwolfach,filter3D,nonsym,bicgstab,106437,2707179,0,1.0,0
PARSEC,Si10H16,nonsym,bicgstab,17077,875923,0,1.0,0
PARSEC,Si5H12,nonsym,bicgstab,19896,738598,0,1.0,0
PARSEC,SiO,nonsym,bicgstab,33401,1317655,0,1.0,0
PARSEC,GaAsH6,nonsym,bicgstab,61349,3381809,0,1.0,0
PARSEC,H2O,nonsym,bicgstab,67024,2216736,0,1.0,0
Pothen,bodyy4,spd,cg,17546,121550,1,1.0,0
Pothen,bodyy5,spd,cg,18589,128853,1,1.0,0
Pothen,bodyy6,spd,cg,19366,134208,1,1.0,0
Rajat,rajat27,nonsym,bicgstab,20640,97353,0,0.9645908149382882,0
Rajat,rajat28,nonsym,bicgstab,87190,606489,0,0.9906572831072957,0
Rajat,rajat16,nonsym,bicgstab,94294,476766,0,0.9900237892855388,0
Rajat,rajat21,nonsym,bicgstab,411676,1876011,0,0.7647530446640561,0
Rommes,bips98_1450,nonsym,bicgstab,11305,44678,0,0.7593684272891549,0
Rommes,mimo8x8_system,nonsym,bicgstab,13309,48872,0,0.7060291752177048,0
Rommes,bauru5727,nonsym,bicgstab,40366,145019,0,0.6931521565005984,0
Sandia,mult_dcop_01,nonsym,bicgstab,25187,193276,0,0.6144759258929472,0
Sandia,ASIC_100ks,nonsym,bicgstab,99190,578890,0,1.0,0
Sandia,ASIC_320k,nonsym,bicgstab,321821,1931828,0,1.0,0
Schenk_IBMNA,c-42,nonsym,bicgstab,10471,110285,0,1.0,0
Schenk_IBMNA,c-57,nonsym,bicgstab,37833,403373,0,1.0,0
Schenk_IBMNA,c-big,nonsym,bicgstab,345241,2340859,0,1.0,0
Schenk_IBMSDS,2D_27628_bjtcai,nonsym,bicgstab,27628,206670,0,0.9995761793531919,0
Schenk_IBMSDS,ibm_matrix_2,nonsym,bicgstab,51448,537038,0,0.9920908271502504,0
Schenk_IBMSDS,matrix-new_3,nonsym,bicgstab,125329,893984,0,0.9871118002084263,0
Schenk_ISEI,igbt3,nonsym,bicgstab,10938,130500,0,1.0,0
Schenk_ISEI,barrier2-12,nonsym,bicgstab,115625,2158759,0,1.0,0
Schenk_ISEI,para-9,nonsym,bicgstab,155924,2094873,0,1.0,0
Simon,appu,nonsym,bicgstab,14000,1853104,0,1.0,0
Simon,bbmat,nonsym,bicgstab,38744,1771722,0,0.5295358625441292,0
Simon,venkat50,nonsym,bicgstab,62424,1717777,0,1.0,0
TKK,cbuckle,spd,cg,13681,676515,1,1.0,0
TKK,cyl6,nonsym,bicgstab,13681,714241,0,1.0,0
TKK,tube2,nonsym,bicgstab,21498,897056,0,1.0,0
TKK,smt,spd,cg,25710,3749582,1,1.0,0
TKK,engine,nonsym,bicgstab,143571,4706073,0,1.0,0
TSOPF,TSOPF_FS_b162_c1,nonsym,bicgstab,10798,608540,0,1.0,0
TSOPF,TSOPF_RS_b300_c2,nonsym,bicgstab,28338,2943887,0,0.00991209710027776,0
TSOPF,TSOPF_FS_b300,nonsym,bicgstab,29214,4400122,0,1.0,0
TSOPF,TSOPF_FS_b39_c30,nonsym,bicgstab,120216,3121160,0,1.0,0
UTEP,Dubcova1,spd,cg,16129,253009,1,1.0,0
UTEP,Dubcova2,spd,cg,65025,1030225,1,1.0,0
UTEP,Dubcova3,spd,cg,146689,3636643,1,1.0,0
VDOL,hangGlider_3,nonsym,bicgstab,10260,92703,0,1.0,0
VDOL,lowThrust_7,nonsym,bicgstab,17378,211561,0,1.0,0
VDOL,lowThrust_13,nonsym,bicgstab,18476,224897,0,1.0,0
VLSI,mosfet2,nonsym,bicgstab,46994,1013062,0,1.0,0
VLSI,nv1,nonsym,bicgstab,75468,1635003,0,1.0,0
VLSI,imagesensor,nonsym,bicgstab,118758,1446396,0,1.0,0
VLSI,ss1,nonsym,bicgstab,205282,845089,0,0.9936840328411537,0
VanVelzen,std1_Jac2_db,nonsym,bicgstab,21982,498771,0,0.3261820218167785,0
VanVelzen,Zd_Jac2,nonsym,bicgstab,22835,1642407,0,0.000249569948369456,0
VanVelzen,Zd_Jac6,nonsym,bicgstab,22835,1711557,0,0.0002161245251101651,0
VanVelzen,Zd_Jac2_db,nonsym,bicgstab,22835,676439,0,0.3038965489807284,0
Williams,pdb1HYS,spd,cg,36417,4344765,1,1.0,0
Williams,cant,spd,cg,62451,4007383,1,1.0,0
Williams,cop20k_A,nonsym,bicgstab,121192,2624331,0,1.0,0
Williams,mac_econ_fwd500,nonsym,bicgstab,206500,1273389,0,0.05995735832675801,0
